product_name,issuer,investment_objective,promised_returns,risk_category,lock_in_period,exit_load,min_investment,key_features,warnings,extraction_confidence
Alpha Growth Mutual Fund,SBI,"product_name: Alpha Growth Mutual Fund
issuer: SBI
launch_date: 2025-12-20
investment_objective: To provide income distribution and capital appreciation
promised_returns: 9",9.6%,Unknown,,,,"['9% if redeemed before 3 years\nmin_investment: ₹5000\nkey_features: Monthly income option available, Tax benefits under section 80C, Life cover included, Loan against policy available\nwarnings: Returns are not guaranteed, Past performance is not indicative of future results, Market risks apply']","['risk_category: High\nlock_in_period: 5 years\nexit_load: 1', '9% if redeemed before 3 years\nmin_investment: ₹5000\nkey_features: Monthly income option available, Tax benefits under section 80C, Life cover included, Loan against policy available\nwarnings: Returns are not guaranteed, Past performance is not indicative of future results, Market risks apply']",0.2
MaxReturns Fixed Deposit,ICICI,"product_name: MaxReturns Fixed Deposit
issuer: ICICI
launch_date: 2024-08-26
investment_objective: To generate capital appreciation by investing in equity and equity-related instruments
promised_returns: 13",13.7%,Unknown,,,,"['3% if redeemed before 1 years\nmin_investment: ₹50000\nkey_features: Monthly income option available, Tax benefits under section 80C, Life cover included, Loan against policy available\nwarnings: Returns are not guaranteed, Past performance is not indicative of future results, Market risks apply']","['risk_category: High\nlock_in_period: 10 years\nexit_load: 1', '3% if redeemed before 1 years\nmin_investment: ₹50000\nkey_features: Monthly income option available, Tax benefits under section 80C, Life cover included, Loan against policy available\nwarnings: Returns are not guaranteed, Past performance is not indicative of future results, Market risks apply']",0.2
SecureLife Insurance Policy,SBI,"product_name: SecureLife Insurance Policy
issuer: SBI
launch_date: 2024-08-16
investment_objective: To provide income distribution and capital appreciation
promised_returns: 18",18.5%,Unknown,,,,"['7% if redeemed before 3 years\nmin_investment: ₹10000\nkey_features: Monthly income option available, Tax benefits under section 80C, Life cover included, Loan against policy available\nwarnings: Returns are not guaranteed, Past performance is not indicative of future results, Market risks apply']","['(Guaranteed)\nrisk_category: Moderate\nlock_in_period: 1 years\nexit_load: 0', '7% if redeemed before 3 years\nmin_investment: ₹10000\nkey_features: Monthly income option available, Tax benefits under section 80C, Life cover included, Loan against policy available\nwarnings: Returns are not guaranteed, Past performance is not indicative of future results, Market risks apply']",0.2
