review_id,product,bank,date,text,source,rating,verified_purchase,location,sentiment_score,complaint_type
rev_0000,EasyInvest Savings Account,ICICI,2025-11-20,ICICI's EasyInvest Savings Account gave me good returns this quarter.,Reddit,3,true,East Wilsonview,0.7550253470403623,
rev_0001,WealthBuilder Pension Plan,HDFC,2025-12-26,Not sure about WealthBuilder Pension Plan. Need to wait and watch.,Reddit,3,false,Gusikowskiworth,0.6879681461104468,
rev_0002,Alpha Growth Mutual Fund,Axis,2025-03-24,No complaints about Alpha Growth Mutual Fund. Service was excellent.,Twitter,4,true,Port Rafaelaboro,0.8634626015217859,
rev_0003,SecureLife Insurance Policy,HDFC,2025-04-17,Terrible experience with SecureLife Insurance Policy. poor returns.,Reddit,1,false,East Nicklausfort,0.13245706474179927,poor returns
rev_0004,EasyInvest Savings Account,HDFC,2025-05-15,HDFC's EasyInvest Savings Account gave me good returns this quarter.,Reddit,3,true,Westfield,0.738471857874851,
rev_0005,SecureLife Insurance Policy,SBI,2025-09-11,Terrible experience with SecureLife Insurance Policy. bad service.,Trustpilot,1,false,East Kennedistead,0.039640079430667476,bad service
rev_0006,Alpha Growth Mutual Fund,SBI,2025-06-27,SBI misled me about Alpha Growth Mutual Fund. Now facing misleading information.,Trustpilot,1,false,Lake Joaquinburgh,0.22617968376478254,misleading information
rev_0007,Alpha Growth Mutual Fund,Kotak,2025-11-13,Happy with my Alpha Growth Mutual Fund from Kotak. Returns are as promised.,Reddit,4,true,New Kristyfort,0.980944875920706,
rev_0008,WealthBuilder Pension Plan,ICICI,2025-11-07,No complaints about WealthBuilder Pension Plan. Service was excellent.,Play Store,4,true,Emilside,0.9584943471366094,
rev_0009,EasyInvest Savings Account,SBI,2025-05-27,Terrible experience with EasyInvest Savings Account. difficult claims.,Reddit,1,false,New Concepciontown,0.29724896668222517,difficult claims
rev_0010,SecureLife Insurance Policy,HDFC,2025-08-09,HDFC misled me about SecureLife Insurance Policy. Now facing agent misconduct.,Twitter,1,false,Millsmouth,0.25266537184063764,agent misconduct
rev_0011,Alpha Growth Mutual Fund,SBI,2025-04-07,SBI misled me about Alpha Growth Mutual Fund. Now facing bad service.,Play Store,1,false,Nelsonville,0.2773167238731541,bad service
rev_0012,EasyInvest Savings Account,HDFC,2025-07-19,Terrible experience with EasyInvest Savings Account. bad service.,Trustpilot,1,true,North Taylor,0.26557908573649547,bad service
rev_0013,SecureLife Insurance Policy,ICICI,2025-03-07,Avoid SecureLife Insurance Policy from ICICI! They have bad service.,Play Store,1,false,Apple Valley,0.011742947167637074,bad service
rev_0014,WealthBuilder Pension Plan,Kotak,2025-01-20,Terrible experience with WealthBuilder Pension Plan. hidden charges.,Play Store,1,true,Cleoworth,0.262772667370169,hidden charges
rev_0015,WealthBuilder Pension Plan,SBI,2025-10-01,Avoid WealthBuilder Pension Plan from SBI! They have poor returns.,Trustpilot,1,true,Port Colby,0.2778552088785888,poor returns
rev_0016,EasyInvest Savings Account,Axis,2025-09-11,Terrible experience with EasyInvest Savings Account. misleading information.,Twitter,1,false,O'Konport,0.20585629450489346,misleading information
rev_0017,WealthBuilder Pension Plan,SBI,2025-07-18,Terrible experience with WealthBuilder Pension Plan. poor returns.,Trustpilot,1,false,North Jonathonville,0.184152800463314,poor returns
rev_0018,MaxReturns Fixed Deposit,Axis,2025-10-14,Axis's MaxReturns Fixed Deposit gave me good returns this quarter.,Twitter,4,false,New Kolby,0.8301680000750534,
rev_0019,SecureLife Insurance Policy,ICICI,2025-08-25,Terrible experience with SecureLife Insurance Policy. poor returns.,Trustpilot,1,false,Alexaneborough,0.005650560151824069,poor returns
rev_0020,Alpha Growth Mutual Fund,ICICI,2025-08-07,No complaints about Alpha Growth Mutual Fund. Service was excellent.,Trustpilot,4,false,Erikaside,0.9496176617148341,
rev_0021,Alpha Growth Mutual Fund,SBI,2025-05-16,Not sure about Alpha Growth Mutual Fund. Need to wait and watch.,Trustpilot,2,true,Lake Kirstin,0.48559623447273415,
rev_0022,EasyInvest Savings Account,Kotak,2025-10-09,Not sure about EasyInvest Savings Account. Need to wait and watch.,Trustpilot,2,false,Fort Citlallishire,0.49977501421352066,
rev_0023,SecureLife Insurance Policy,SBI,2026-01-04,Terrible experience with SecureLife Insurance Policy. long processing time.,Play Store,1,false,Lake Bailee,0.0029445841583999877,long processing time
rev_0024,WealthBuilder Pension Plan,ICICI,2025-07-13,Not sure about WealthBuilder Pension Plan. Need to wait and watch.,Twitter,1,false,Asheville,0.32106079806625804,
rev_0025,EasyInvest Savings Account,Kotak,2025-09-25,Not sure about EasyInvest Savings Account. Need to wait and watch.,Play Store,2,true,Bednarhaven,0.5456472636137378,
rev_0026,Alpha Growth Mutual Fund,ICICI,2025-09-25,Terrible experience with Alpha Growth Mutual Fund. misleading information.,Play Store,1,false,Tonawanda,0.06441582634080788,misleading information
rev_0027,Alpha Growth Mutual Fund,Axis,2025-11-12,Happy with my Alpha Growth Mutual Fund from Axis. Returns are as promised.,Trustpilot,4,false,South Lizethboro,0.9105175669487128,
rev_0028,Alpha Growth Mutual Fund,Kotak,2025-09-12,Terrible experience with Alpha Growth Mutual Fund. agent misconduct.,Trustpilot,1,false,Millerborough,0.037456742314315596,agent misconduct
rev_0029,WealthBuilder Pension Plan,Axis,2025-06-24,Happy with my WealthBuilder Pension Plan from Axis. Returns are as promised.,Trustpilot,4,true,Olsontown,0.934903696188496,
rev_0030,WealthBuilder Pension Plan,Axis,2025-07-03,Axis misled me about WealthBuilder Pension Plan. Now facing difficult claims.,Twitter,1,true,Zboncakbury,0.1389070470733637,difficult claims
rev_0031,SecureLife Insurance Policy,Kotak,2025-10-22,Kotak misled me about SecureLife Insurance Policy. Now facing bad service.,Trustpilot,1,false,Largo,0.2980308006271336,bad service
rev_0032,EasyInvest Savings Account,Axis,2025-11-08,Terrible experience with EasyInvest Savings Account. agent misconduct.,Trustpilot,1,true,Welchfurt,0.22957262634916964,agent misconduct
rev_0033,SecureLife Insurance Policy,Axis,2025-05-17,Terrible experience with SecureLife Insurance Policy. difficult claims.,Twitter,1,false,North Juddburgh,0.28751302126286954,difficult claims
rev_0034,WealthBuilder Pension Plan,Axis,2025-04-15,No complaints about WealthBuilder Pension Plan. Service was excellent.,Trustpilot,4,true,Salvadorboro,0.9240121579286233,
rev_0035,WealthBuilder Pension Plan,ICICI,2025-11-03,Not sure about WealthBuilder Pension Plan. Need to wait and watch.,Trustpilot,2,false,Lake Laron,0.5725713417522174,
rev_0036,MaxReturns Fixed Deposit,Axis,2025-09-19,Terrible experience with MaxReturns Fixed Deposit. misleading information.,Twitter,1,false,North Patborough,0.11610819222464765,misleading information
rev_0037,EasyInvest Savings Account,Kotak,2025-05-08,No complaints about EasyInvest Savings Account. Service was excellent.,Reddit,4,true,North Hipolito,0.9487239485368918,
rev_0038,Alpha Growth Mutual Fund,ICICI,2025-10-15,No complaints about Alpha Growth Mutual Fund. Service was excellent.,Reddit,3,false,Fort Dale,0.7313190009502935,
rev_0039,Alpha Growth Mutual Fund,Kotak,2025-09-20,No complaints about Alpha Growth Mutual Fund. Service was excellent.,Reddit,4,false,Johnstonside,0.9663699450094445,
rev_0040,WealthBuilder Pension Plan,Axis,2025-12-14,Happy with my WealthBuilder Pension Plan from Axis. Returns are as promised.,Trustpilot,4,true,East Ernestshire,0.8532915737366327,
rev_0041,Alpha Growth Mutual Fund,Axis,2025-09-16,Axis's Alpha Growth Mutual Fund gave me good returns this quarter.,Reddit,4,false,Alyssonton,0.9047460850996507,
rev_0042,WealthBuilder Pension Plan,HDFC,2025-11-02,Avoid WealthBuilder Pension Plan from HDFC! They have agent misconduct.,Reddit,1,true,Spring Valley,0.2586214524591597,agent misconduct
rev_0043,SecureLife Insurance Policy,Axis,2025-01-11,Avoid SecureLife Insurance Policy from Axis! They have long processing time.,Trustpilot,1,true,Port Alana,0.20094458093054735,long processing time
rev_0044,Alpha Growth Mutual Fund,Axis,2025-03-03,Axis's Alpha Growth Mutual Fund gave me good returns this quarter.,Reddit,4,true,Rockwall,0.9919073097797728,
rev_0045,WealthBuilder Pension Plan,SBI,2025-04-06,Not sure about WealthBuilder Pension Plan. Need to wait and watch.,Twitter,2,false,Greenholtshire,0.4675560377716706,
rev_0046,EasyInvest Savings Account,HDFC,2025-01-31,HDFC's EasyInvest Savings Account gave me good returns this quarter.,Reddit,4,true,Lake Evelynbury,0.9074421748540202,
rev_0047,EasyInvest Savings Account,Kotak,2025-07-24,Kotak misled me about EasyInvest Savings Account. Now facing agent misconduct.,Play Store,1,true,Kesslerport,0.2503307899154535,agent misconduct
rev_0048,EasyInvest Savings Account,Axis,2025-06-01,Axis's EasyInvest Savings Account gave me good returns this quarter.,Trustpilot,4,false,Padbergland,0.9385561196656446,
rev_0049,Alpha Growth Mutual Fund,SBI,2025-01-13,SBI's Alpha Growth Mutual Fund gave me good returns this quarter.,Trustpilot,3,false,Santa Barbara,0.7472997640055217,
rev_0050,EasyInvest Savings Account,Kotak,2025-04-24,Avoid EasyInvest Savings Account from Kotak! They have long processing time.,Play Store,1,false,North Sophiabury,0.041144554401341224,long processing time
rev_0051,MaxReturns Fixed Deposit,SBI,2025-05-31,Avoid MaxReturns Fixed Deposit from SBI! They have long processing time.,Reddit,1,true,Littelfield,0.25224545443497065,long processing time
rev_0052,WealthBuilder Pension Plan,SBI,2025-02-24,Happy with my WealthBuilder Pension Plan from SBI. Returns are as promised.,Reddit,4,true,Quitzonland,0.9510061645183621,
rev_0053,MaxReturns Fixed Deposit,HDFC,2025-11-18,Avoid MaxReturns Fixed Deposit from HDFC! They have agent misconduct.,Twitter,1,false,Sugar Land,0.07322867260424144,agent misconduct
rev_0054,MaxReturns Fixed Deposit,Kotak,2025-07-08,Terrible experience with MaxReturns Fixed Deposit. misleading information.,Play Store,1,true,New Laura,0.18586626509147391,misleading information
rev_0055,EasyInvest Savings Account,ICICI,2026-01-05,Terrible experience with EasyInvest Savings Account. hidden charges.,Trustpilot,1,false,Ann Arbor,0.07405995112012682,hidden charges
rev_0056,MaxReturns Fixed Deposit,Kotak,2025-05-15,Kotak misled me about MaxReturns Fixed Deposit. Now facing bad service.,Reddit,1,true,Pomona,0.026645794537817902,bad service
rev_0057,EasyInvest Savings Account,SBI,2025-05-13,Not sure about EasyInvest Savings Account. Need to wait and watch.,Play Store,2,false,Green Bay,0.5853699934522236,
rev_0058,WealthBuilder Pension Plan,ICICI,2025-09-17,"Mixed feelings about WealthBuilder Pension Plan. Some good, some bad.",Reddit,3,true,South Noemi,0.6709459362454573,
rev_0059,EasyInvest Savings Account,Axis,2025-10-07,EasyInvest Savings Account from Axis is okay. Nothing special.,Trustpilot,3,true,Roobcester,0.6133514166843743,
rev_0060,SecureLife Insurance Policy,Axis,2025-09-06,Avoid SecureLife Insurance Policy from Axis! They have hidden charges.,Trustpilot,1,true,Lake Hipolito,0.10717033174725425,hidden charges
rev_0061,SecureLife Insurance Policy,Kotak,2025-08-03,Terrible experience with SecureLife Insurance Policy. agent misconduct.,Twitter,1,false,Turcottemouth,0.11003163363338693,agent misconduct
rev_0062,MaxReturns Fixed Deposit,HDFC,2025-06-03,Avoid MaxReturns Fixed Deposit from HDFC! They have hidden charges.,Trustpilot,1,true,Neilshire,0.21783690415405085,hidden charges
rev_0063,MaxReturns Fixed Deposit,Axis,2025-03-17,Avoid MaxReturns Fixed Deposit from Axis! They have misleading information.,Trustpilot,1,true,Larsonview,0.23421941592630727,misleading information
rev_0064,WealthBuilder Pension Plan,Axis,2025-06-27,Avoid WealthBuilder Pension Plan from Axis! They have bad service.,Play Store,1,true,Cydneychester,0.26217113496887723,bad service
rev_0065,EasyInvest Savings Account,Axis,2025-01-17,Avoid EasyInvest Savings Account from Axis! They have poor returns.,Reddit,1,true,Lionelmouth,0.0005042507405002671,poor returns
rev_0066,WealthBuilder Pension Plan,ICICI,2025-08-02,"Mixed feelings about WealthBuilder Pension Plan. Some good, some bad.",Play Store,2,true,Lake Shaneport,0.4010909615734483,
rev_0067,EasyInvest Savings Account,HDFC,2025-04-29,"Mixed feelings about EasyInvest Savings Account. Some good, some bad.",Trustpilot,1,true,East Thelmastad,0.3821529129486263,
rev_0068,WealthBuilder Pension Plan,Axis,2025-02-20,Axis misled me about WealthBuilder Pension Plan. Now facing bad service.,Twitter,1,false,Dunwoody,0.21783255139895413,bad service
rev_0069,SecureLife Insurance Policy,Kotak,2025-07-07,Terrible experience with SecureLife Insurance Policy. bad service.,Play Store,1,false,Schulistport,0.21716698573673118,bad service
rev_0070,Alpha Growth Mutual Fund,ICICI,2025-12-20,Alpha Growth Mutual Fund from ICICI is okay. Nothing special.,Play Store,3,false,Kingsport,0.6054889311858417,
rev_0071,WealthBuilder Pension Plan,ICICI,2025-04-12,Happy with my WealthBuilder Pension Plan from ICICI. Returns are as promised.,Reddit,4,true,Fort Maxtown,0.8031226414082977,
rev_0072,Alpha Growth Mutual Fund,HDFC,2025-05-16,Avoid Alpha Growth Mutual Fund from HDFC! They have misleading information.,Trustpilot,1,true,Daneberg,0.03694338792482018,misleading information
rev_0073,WealthBuilder Pension Plan,ICICI,2025-11-01,No complaints about WealthBuilder Pension Plan. Service was excellent.,Play Store,4,true,Asheville,0.8094737571655275,
rev_0074,SecureLife Insurance Policy,Kotak,2025-12-31,Kotak misled me about SecureLife Insurance Policy. Now facing agent misconduct.,Trustpilot,1,true,Bartonberg,0.22732055008299312,agent misconduct
rev_0075,MaxReturns Fixed Deposit,ICICI,2025-06-01,Terrible experience with MaxReturns Fixed Deposit. agent misconduct.,Twitter,1,true,Littleton,0.27799739360277076,agent misconduct
rev_0076,Alpha Growth Mutual Fund,Axis,2025-02-14,Terrible experience with Alpha Growth Mutual Fund. bad service.,Twitter,1,true,North Beaulahview,0.23263258669956285,bad service
rev_0077,SecureLife Insurance Policy,Kotak,2025-03-12,Terrible experience with SecureLife Insurance Policy. agent misconduct.,Twitter,1,true,Nashville-Davidson,0.21992698318509946,agent misconduct
rev_0078,Alpha Growth Mutual Fund,HDFC,2025-09-11,"Mixed feelings about Alpha Growth Mutual Fund. Some good, some bad.",Twitter,3,false,Santatown,0.6329327290201096,
rev_0079,SecureLife Insurance Policy,SBI,2025-02-10,Terrible experience with SecureLife Insurance Policy. hidden charges.,Reddit,1,false,Fort Clarabelle,0.28312030483287287,hidden charges
rev_0080,Alpha Growth Mutual Fund,Axis,2025-09-23,Happy with my Alpha Growth Mutual Fund from Axis. Returns are as promised.,Reddit,4,false,Rodriguezberg,0.8083738771334752,
rev_0081,WealthBuilder Pension Plan,Kotak,2025-03-14,Terrible experience with WealthBuilder Pension Plan. hidden charges.,Play Store,1,true,Fort Susanhaven,0.20273833224056775,hidden charges
rev_0082,Alpha Growth Mutual Fund,Axis,2025-12-24,Axis misled me about Alpha Growth Mutual Fund. Now facing hidden charges.,Twitter,1,true,Paramount,0.11317795730360639,hidden charges
rev_0083,EasyInvest Savings Account,HDFC,2025-08-19,HDFC misled me about EasyInvest Savings Account. Now facing long processing time.,Reddit,1,true,New Clay,0.012327246217696786,long processing time
rev_0084,EasyInvest Savings Account,HDFC,2025-06-12,EasyInvest Savings Account from HDFC is okay. Nothing special.,Play Store,2,false,North Sydnee,0.47539079764810316,
rev_0085,Alpha Growth Mutual Fund,HDFC,2025-05-03,Not sure about Alpha Growth Mutual Fund. Need to wait and watch.,Twitter,1,true,Adrianafort,0.3041051858989814,
rev_0086,MaxReturns Fixed Deposit,SBI,2025-06-07,MaxReturns Fixed Deposit from SBI is okay. Nothing special.,Twitter,2,false,Kylieborough,0.5289325125808677,
rev_0087,EasyInvest Savings Account,ICICI,2025-07-07,Happy with my EasyInvest Savings Account from ICICI. Returns are as promised.,Twitter,3,false,Framibury,0.7858634932690722,
rev_0088,MaxReturns Fixed Deposit,SBI,2025-04-24,"Mixed feelings about MaxReturns Fixed Deposit. Some good, some bad.",Trustpilot,2,true,Schmittfort,0.4454320576251366,
rev_0089,SecureLife Insurance Policy,HDFC,2025-02-28,Terrible experience with SecureLife Insurance Policy. poor returns.,Twitter,1,true,Schadenhaven,0.24093470310376414,poor returns
rev_0090,Alpha Growth Mutual Fund,Axis,2025-07-09,Axis misled me about Alpha Growth Mutual Fund. Now facing misleading information.,Reddit,1,true,Barrowsville,0.07412648361496331,misleading information
rev_0091,SecureLife Insurance Policy,ICICI,2025-02-11,ICICI misled me about SecureLife Insurance Policy. Now facing difficult claims.,Play Store,1,true,New Edward,0.05502068102588392,difficult claims
rev_0092,MaxReturns Fixed Deposit,SBI,2025-02-12,Terrible experience with MaxReturns Fixed Deposit. difficult claims.,Reddit,1,true,West Letitiahaven,0.25218961997512657,difficult claims
rev_0093,SecureLife Insurance Policy,HDFC,2025-04-20,Avoid SecureLife Insurance Policy from HDFC! They have long processing time.,Twitter,1,true,East Spencer,0.127882853676089,long processing time
rev_0094,Alpha Growth Mutual Fund,HDFC,2025-12-16,HDFC's Alpha Growth Mutual Fund gave me good returns this quarter.,Trustpilot,4,true,Dublin,0.9597910543850594,
rev_0095,SecureLife Insurance Policy,ICICI,2025-06-08,Terrible experience with SecureLife Insurance Policy. long processing time.,Play Store,1,false,North Meaganbury,0.2815050040826134,long processing time
rev_0096,SecureLife Insurance Policy,HDFC,2025-05-10,Terrible experience with SecureLife Insurance Policy. hidden charges.,Twitter,1,false,Pasco,0.281852605459504,hidden charges
rev_0097,SecureLife Insurance Policy,SBI,2025-04-12,Avoid SecureLife Insurance Policy from SBI! They have poor returns.,Play Store,1,false,Margeside,0.07271774117912684,poor returns
rev_0098,WealthBuilder Pension Plan,SBI,2025-08-03,SBI misled me about WealthBuilder Pension Plan. Now facing agent misconduct.,Trustpilot,1,false,South Clevelandberg,0.006736848211193014,agent misconduct
rev_0099,MaxReturns Fixed Deposit,HDFC,2025-07-23,HDFC misled me about MaxReturns Fixed Deposit. Now facing agent misconduct.,Trustpilot,1,false,New Macyfort,0.2459447903899601,agent misconduct
rev_0100,EasyInvest Savings Account,SBI,2025-08-28,Terrible experience with EasyInvest Savings Account. misleading information.,Play Store,1,true,Belleville,0.27414491853118933,misleading information
rev_0101,MaxReturns Fixed Deposit,HDFC,2025-07-01,HDFC's MaxReturns Fixed Deposit gave me good returns this quarter.,Play Store,4,false,East Earlside,0.9690948728289115,
rev_0102,EasyInvest Savings Account,SBI,2025-07-10,Terrible experience with EasyInvest Savings Account. poor returns.,Trustpilot,1,true,Merlville,0.21158255562435632,poor returns
rev_0103,Alpha Growth Mutual Fund,HDFC,2025-02-02,Terrible experience with Alpha Growth Mutual Fund. agent misconduct.,Trustpilot,1,false,Lake Korey,0.06136287370302437,agent misconduct
rev_0104,SecureLife Insurance Policy,SBI,2025-05-15,Terrible experience with SecureLife Insurance Policy. difficult claims.,Trustpilot,1,false,Feilside,0.26716784888146433,difficult claims
rev_0105,SecureLife Insurance Policy,Kotak,2025-09-30,Terrible experience with SecureLife Insurance Policy. bad service.,Reddit,1,false,North Johanna,0.19464141288454265,bad service
rev_0106,Alpha Growth Mutual Fund,Kotak,2025-05-26,Alpha Growth Mutual Fund from Kotak is okay. Nothing special.,Trustpilot,3,false,Jeffreyshire,0.6782428770710041,
rev_0107,Alpha Growth Mutual Fund,SBI,2025-05-18,No complaints about Alpha Growth Mutual Fund. Service was excellent.,Reddit,4,false,East Keshaunton,0.8226134215801177,
rev_0108,SecureLife Insurance Policy,HDFC,2025-10-15,Terrible experience with SecureLife Insurance Policy. difficult claims.,Trustpilot,1,false,Kenyattastead,0.2800021687967616,difficult claims
rev_0109,WealthBuilder Pension Plan,Kotak,2025-08-03,Avoid WealthBuilder Pension Plan from Kotak! They have hidden charges.,Trustpilot,1,false,Jarretfield,0.25290161972524383,hidden charges
rev_0110,MaxReturns Fixed Deposit,SBI,2025-01-27,SBI misled me about MaxReturns Fixed Deposit. Now facing agent misconduct.,Twitter,1,true,Wisozkville,0.012126975484048974,agent misconduct
rev_0111,EasyInvest Savings Account,Axis,2025-12-27,Axis misled me about EasyInvest Savings Account. Now facing long processing time.,Trustpilot,1,true,West Destini,0.16458257154108005,long processing time
rev_0112,SecureLife Insurance Policy,SBI,2025-10-12,Terrible experience with SecureLife Insurance Policy. long processing time.,Twitter,1,true,North Tessie,0.15506551756766632,long processing time
rev_0113,WealthBuilder Pension Plan,SBI,2025-05-11,SBI misled me about WealthBuilder Pension Plan. Now facing misleading information.,Twitter,1,true,South Gersonborough,0.055824400749514114,misleading information
rev_0114,EasyInvest Savings Account,Kotak,2025-09-18,Happy with my EasyInvest Savings Account from Kotak. Returns are as promised.,Trustpilot,4,true,North Federico,0.8577112437078527,
rev_0115,MaxReturns Fixed Deposit,SBI,2025-08-15,Happy with my MaxReturns Fixed Deposit from SBI. Returns are as promised.,Play Store,4,true,Lake Monroe,0.9981894146090771,
rev_0116,EasyInvest Savings Account,Axis,2025-10-06,Terrible experience with EasyInvest Savings Account. hidden charges.,Play Store,1,false,Ponce,0.13693164464940336,hidden charges
rev_0117,MaxReturns Fixed Deposit,HDFC,2025-07-19,No complaints about MaxReturns Fixed Deposit. Service was excellent.,Play Store,4,true,Darrelside,0.8908484207466669,
rev_0118,SecureLife Insurance Policy,ICICI,2025-08-30,Avoid SecureLife Insurance Policy from ICICI! They have poor returns.,Twitter,1,true,McGlynnworth,0.2336970220097508,poor returns
rev_0119,MaxReturns Fixed Deposit,Kotak,2025-07-16,Avoid MaxReturns Fixed Deposit from Kotak! They have long processing time.,Trustpilot,1,false,Reillyberg,0.09787244679703702,long processing time
rev_0120,EasyInvest Savings Account,Kotak,2025-01-31,Not sure about EasyInvest Savings Account. Need to wait and watch.,Play Store,3,false,New Bertrandboro,0.602850670608662,
rev_0121,SecureLife Insurance Policy,HDFC,2025-12-22,Avoid SecureLife Insurance Policy from HDFC! They have long processing time.,Twitter,1,true,Port Arvidmouth,0.10594375595216107,long processing time
rev_0122,EasyInvest Savings Account,Kotak,2025-07-31,"Mixed feelings about EasyInvest Savings Account. Some good, some bad.",Trustpilot,2,true,Murrieta,0.5217061064139497,
rev_0123,WealthBuilder Pension Plan,HDFC,2025-03-05,HDFC's WealthBuilder Pension Plan gave me good returns this quarter.,Reddit,4,true,Schinnerton,0.9944574202972319,
rev_0124,EasyInvest Savings Account,SBI,2025-04-19,Happy with my EasyInvest Savings Account from SBI. Returns are as promised.,Play Store,4,false,East Elise,0.9698897552925743,
rev_0125,SecureLife Insurance Policy,Kotak,2025-06-13,Terrible experience with SecureLife Insurance Policy. difficult claims.,Twitter,1,false,Fort Vivienboro,0.14811816427221927,difficult claims
rev_0126,Alpha Growth Mutual Fund,Kotak,2025-12-01,"Mixed feelings about Alpha Growth Mutual Fund. Some good, some bad.",Twitter,2,false,Howeport,0.4978245709938176,
rev_0127,Alpha Growth Mutual Fund,Kotak,2025-09-09,"Mixed feelings about Alpha Growth Mutual Fund. Some good, some bad.",Reddit,3,false,Trantowside,0.6122731758148318,
rev_0128,Alpha Growth Mutual Fund,HDFC,2025-05-26,Avoid Alpha Growth Mutual Fund from HDFC! They have difficult claims.,Play Store,1,true,North Kenyattafurt,0.2086999493274934,difficult claims
rev_0129,MaxReturns Fixed Deposit,ICICI,2025-07-31,ICICI's MaxReturns Fixed Deposit gave me good returns this quarter.,Play Store,4,true,North Assuntatown,0.8992932177742768,
rev_0130,WealthBuilder Pension Plan,SBI,2025-09-25,WealthBuilder Pension Plan from SBI is okay. Nothing special.,Trustpilot,1,false,South Rachael,0.3009968620574331,
rev_0131,SecureLife Insurance Policy,SBI,2025-07-07,Avoid SecureLife Insurance Policy from SBI! They have hidden charges.,Play Store,1,true,West Alanaville,0.23474993739468653,hidden charges
rev_0132,SecureLife Insurance Policy,Axis,2025-03-14,Avoid SecureLife Insurance Policy from Axis! They have hidden charges.,Play Store,1,true,Isidrostad,0.09364053062454711,hidden charges
rev_0133,WealthBuilder Pension Plan,HDFC,2025-10-12,Not sure about WealthBuilder Pension Plan. Need to wait and watch.,Reddit,2,false,Peoria,0.45449315775155097,
rev_0134,SecureLife Insurance Policy,Kotak,2025-04-15,Terrible experience with SecureLife Insurance Policy. misleading information.,Reddit,1,true,Port Millie,0.049814129624709866,misleading information
rev_0135,SecureLife Insurance Policy,Kotak,2026-01-11,Avoid SecureLife Insurance Policy from Kotak! They have bad service.,Twitter,1,true,VonRuedenmouth,0.20973378040111906,bad service
rev_0136,SecureLife Insurance Policy,Kotak,2025-02-12,Kotak misled me about SecureLife Insurance Policy. Now facing long processing time.,Reddit,1,false,West Bernieceburgh,0.00911786594577133,long processing time
rev_0137,SecureLife Insurance Policy,Kotak,2025-08-21,Avoid SecureLife Insurance Policy from Kotak! They have misleading information.,Play Store,1,true,North Mathildemouth,0.18024312802526685,misleading information
rev_0138,WealthBuilder Pension Plan,HDFC,2025-12-09,No complaints about WealthBuilder Pension Plan. Service was excellent.,Reddit,4,true,Hemet,0.8555130182534751,
rev_0139,WealthBuilder Pension Plan,Kotak,2025-06-11,Kotak misled me about WealthBuilder Pension Plan. Now facing poor returns.,Play Store,1,true,Shanonfort,0.014156929699780572,poor returns
rev_0140,EasyInvest Savings Account,Kotak,2025-07-14,Avoid EasyInvest Savings Account from Kotak! They have agent misconduct.,Trustpilot,1,false,Julieside,0.29237453865247093,agent misconduct
rev_0141,EasyInvest Savings Account,Axis,2025-06-13,No complaints about EasyInvest Savings Account. Service was excellent.,Trustpilot,4,false,Paigeborough,0.9451963880931343,
rev_0142,WealthBuilder Pension Plan,Axis,2025-12-08,Avoid WealthBuilder Pension Plan from Axis! They have bad service.,Twitter,1,true,North Palmaboro,0.11688436138899763,bad service
rev_0143,MaxReturns Fixed Deposit,Kotak,2025-08-29,Terrible experience with MaxReturns Fixed Deposit. hidden charges.,Twitter,1,true,Janeside,0.04544257364369462,hidden charges
rev_0144,SecureLife Insurance Policy,Axis,2025-10-10,Avoid SecureLife Insurance Policy from Axis! They have difficult claims.,Twitter,1,true,Reymouth,0.2182022090213033,difficult claims
rev_0145,EasyInvest Savings Account,Kotak,2025-05-16,Kotak misled me about EasyInvest Savings Account. Now facing bad service.,Reddit,1,false,Pine Bluff,0.23538681522781685,bad service
rev_0146,EasyInvest Savings Account,SBI,2025-05-06,SBI misled me about EasyInvest Savings Account. Now facing long processing time.,Reddit,1,true,North Thomas,0.09729768231772137,long processing time
rev_0147,Alpha Growth Mutual Fund,ICICI,2025-03-02,ICICI misled me about Alpha Growth Mutual Fund. Now facing agent misconduct.,Twitter,1,false,Freeport,0.09469425157610457,agent misconduct
rev_0148,Alpha Growth Mutual Fund,Kotak,2025-11-10,Kotak misled me about Alpha Growth Mutual Fund. Now facing misleading information.,Trustpilot,1,false,Balistrerishire,0.2544604918189074,misleading information
rev_0149,EasyInvest Savings Account,Kotak,2025-02-21,No complaints about EasyInvest Savings Account. Service was excellent.,Reddit,4,true,Batzmouth,0.8378214641383966,
rev_0150,MaxReturns Fixed Deposit,ICICI,2025-12-14,Terrible experience with MaxReturns Fixed Deposit. difficult claims.,Trustpilot,1,false,Twilaton,0.05810964965692471,difficult claims
rev_0151,MaxReturns Fixed Deposit,Axis,2025-03-31,Avoid MaxReturns Fixed Deposit from Axis! They have bad service.,Play Store,1,true,Okunevahaven,0.2762382103149148,bad service
rev_0152,WealthBuilder Pension Plan,Kotak,2025-12-11,Not sure about WealthBuilder Pension Plan. Need to wait and watch.,Play Store,1,true,West Myrticeton,0.30146162029067297,
rev_0153,MaxReturns Fixed Deposit,ICICI,2025-08-18,ICICI misled me about MaxReturns Fixed Deposit. Now facing agent misconduct.,Twitter,1,false,North Julianne,0.18751056068434419,agent misconduct
rev_0154,SecureLife Insurance Policy,Axis,2025-08-15,Avoid SecureLife Insurance Policy from Axis! They have bad service.,Trustpilot,1,false,Port Mathew,0.16236091617625684,bad service
rev_0155,WealthBuilder Pension Plan,SBI,2025-04-01,Terrible experience with WealthBuilder Pension Plan. agent misconduct.,Reddit,1,false,New Alfredaborough,0.03565986506500929,agent misconduct
rev_0156,MaxReturns Fixed Deposit,Kotak,2025-06-26,Happy with my MaxReturns Fixed Deposit from Kotak. Returns are as promised.,Twitter,4,false,West Rickeyland,0.8212071673971207,
rev_0157,Alpha Growth Mutual Fund,Axis,2025-03-11,Axis's Alpha Growth Mutual Fund gave me good returns this quarter.,Reddit,3,true,Rathfort,0.7561106049856207,
rev_0158,WealthBuilder Pension Plan,Axis,2025-11-02,Avoid WealthBuilder Pension Plan from Axis! They have agent misconduct.,Play Store,1,true,Emilieshire,0.1178365941576892,agent misconduct
rev_0159,SecureLife Insurance Policy,Kotak,2025-02-06,Kotak misled me about SecureLife Insurance Policy. Now facing long processing time.,Trustpilot,1,false,Rueckerview,0.04123729019818838,long processing time
rev_0160,SecureLife Insurance Policy,Axis,2025-11-01,Axis misled me about SecureLife Insurance Policy. Now facing bad service.,Play Store,1,true,North Vinnie,0.11279860776476706,bad service
rev_0161,SecureLife Insurance Policy,Axis,2025-06-02,Terrible experience with SecureLife Insurance Policy. long processing time.,Twitter,1,false,South Manuelview,0.11118007994643128,long processing time
rev_0162,WealthBuilder Pension Plan,Axis,2025-10-12,"Mixed feelings about WealthBuilder Pension Plan. Some good, some bad.",Reddit,1,false,Casperstad,0.3643339950522729,
rev_0163,SecureLife Insurance Policy,SBI,2025-12-11,SBI misled me about SecureLife Insurance Policy. Now facing hidden charges.,Play Store,1,false,Lake Mertie,0.19015804150263674,hidden charges
rev_0164,WealthBuilder Pension Plan,Kotak,2025-10-04,Kotak misled me about WealthBuilder Pension Plan. Now facing bad service.,Reddit,1,false,East Coryberg,0.1347852317933997,bad service
rev_0165,MaxReturns Fixed Deposit,SBI,2025-11-13,"Mixed feelings about MaxReturns Fixed Deposit. Some good, some bad.",Play Store,2,false,Verlieworth,0.5323285588012636,
rev_0166,EasyInvest Savings Account,SBI,2025-07-09,Terrible experience with EasyInvest Savings Account. agent misconduct.,Trustpilot,1,false,Memphis,0.204407270385286,agent misconduct
rev_0167,SecureLife Insurance Policy,Kotak,2025-03-25,Avoid SecureLife Insurance Policy from Kotak! They have difficult claims.,Trustpilot,1,true,West Cheyenneshire,0.1680159036916943,difficult claims
rev_0168,SecureLife Insurance Policy,HDFC,2026-01-11,Avoid SecureLife Insurance Policy from HDFC! They have long processing time.,Twitter,1,false,Kochland,0.21742412473994793,long processing time
rev_0169,SecureLife Insurance Policy,ICICI,2025-08-07,Terrible experience with SecureLife Insurance Policy. hidden charges.,Reddit,1,false,Ziemannborough,0.29905394898973475,hidden charges
rev_0170,Alpha Growth Mutual Fund,Axis,2025-04-22,Axis's Alpha Growth Mutual Fund gave me good returns this quarter.,Trustpilot,4,true,Gleasonborough,0.8798740313231699,
rev_0171,MaxReturns Fixed Deposit,ICICI,2025-10-03,Avoid MaxReturns Fixed Deposit from ICICI! They have poor returns.,Play Store,1,false,Larkinshire,0.2357783124774817,poor returns
rev_0172,WealthBuilder Pension Plan,SBI,2025-07-26,Not sure about WealthBuilder Pension Plan. Need to wait and watch.,Reddit,2,true,Fort Bertrandboro,0.41582703929713816,
rev_0173,Alpha Growth Mutual Fund,HDFC,2025-04-06,Happy with my Alpha Growth Mutual Fund from HDFC. Returns are as promised.,Trustpilot,4,false,North Yesseniaside,0.8098231164131244,
rev_0174,MaxReturns Fixed Deposit,SBI,2025-11-28,Terrible experience with MaxReturns Fixed Deposit. bad service.,Play Store,1,false,Texas City,0.13479422254452125,bad service
rev_0175,WealthBuilder Pension Plan,ICICI,2025-11-03,Avoid WealthBuilder Pension Plan from ICICI! They have poor returns.,Play Store,1,true,Sunrise,0.1954086663721796,poor returns
rev_0176,SecureLife Insurance Policy,ICICI,2025-04-04,Terrible experience with SecureLife Insurance Policy. agent misconduct.,Reddit,1,false,New Collin,0.2494362945503887,agent misconduct
rev_0177,MaxReturns Fixed Deposit,Axis,2025-09-10,No complaints about MaxReturns Fixed Deposit. Service was excellent.,Play Store,3,true,South Abigayle,0.7782051063265445,
rev_0178,Alpha Growth Mutual Fund,SBI,2025-12-19,Happy with my Alpha Growth Mutual Fund from SBI. Returns are as promised.,Trustpilot,4,false,Manteworth,0.8288705865642728,
rev_0179,Alpha Growth Mutual Fund,Kotak,2025-12-30,"Mixed feelings about Alpha Growth Mutual Fund. Some good, some bad.",Reddit,2,true,Shawnacester,0.46654658693913775,
rev_0180,Alpha Growth Mutual Fund,Kotak,2025-05-13,"Mixed feelings about Alpha Growth Mutual Fund. Some good, some bad.",Play Store,2,true,Walnut Creek,0.43776508635086925,
rev_0181,Alpha Growth Mutual Fund,ICICI,2025-04-01,Not sure about Alpha Growth Mutual Fund. Need to wait and watch.,Trustpilot,3,true,Milford,0.6180503921133087,
rev_0182,WealthBuilder Pension Plan,ICICI,2025-06-22,Not sure about WealthBuilder Pension Plan. Need to wait and watch.,Play Store,1,false,Lawrence,0.3846224746000696,
rev_0183,EasyInvest Savings Account,SBI,2025-04-28,SBI misled me about EasyInvest Savings Account. Now facing difficult claims.,Trustpilot,1,true,Augusta-Richmond County,0.18930747785911428,difficult claims
rev_0184,MaxReturns Fixed Deposit,HDFC,2025-08-04,Not sure about MaxReturns Fixed Deposit. Need to wait and watch.,Reddit,2,true,West Kendra,0.49712662868734925,
rev_0185,MaxReturns Fixed Deposit,Axis,2025-07-22,Axis misled me about MaxReturns Fixed Deposit. Now facing hidden charges.,Play Store,1,false,West Raegan,0.18806918115239685,hidden charges
rev_0186,SecureLife Insurance Policy,Axis,2025-03-18,Terrible experience with SecureLife Insurance Policy. difficult claims.,Reddit,1,false,West Forrest,0.28364814071092137,difficult claims
rev_0187,MaxReturns Fixed Deposit,SBI,2025-05-01,Avoid MaxReturns Fixed Deposit from SBI! They have misleading information.,Trustpilot,1,false,Kerlukeberg,0.23319708259874172,misleading information
rev_0188,SecureLife Insurance Policy,Kotak,2026-01-07,Terrible experience with SecureLife Insurance Policy. hidden charges.,Trustpilot,1,false,Zemlakstad,0.008586695526109933,hidden charges
rev_0189,Alpha Growth Mutual Fund,HDFC,2025-02-08,Not sure about Alpha Growth Mutual Fund. Need to wait and watch.,Twitter,2,false,South Meredith,0.5551446467762352,
rev_0190,SecureLife Insurance Policy,ICICI,2025-04-16,Terrible experience with SecureLife Insurance Policy. difficult claims.,Reddit,1,false,Abshirefort,0.28043562736951333,difficult claims
rev_0191,Alpha Growth Mutual Fund,Axis,2025-10-22,Avoid Alpha Growth Mutual Fund from Axis! They have difficult claims.,Twitter,1,true,Port Bailee,0.27301170728240015,difficult claims
rev_0192,SecureLife Insurance Policy,HDFC,2025-10-29,HDFC misled me about SecureLife Insurance Policy. Now facing long processing time.,Reddit,1,false,Bruenhaven,0.15515328262948222,long processing time
rev_0193,EasyInvest Savings Account,SBI,2025-08-03,Avoid EasyInvest Savings Account from SBI! They have difficult claims.,Trustpilot,1,false,Hauckview,0.06094892311397895,difficult claims
rev_0194,MaxReturns Fixed Deposit,SBI,2025-04-14,Avoid MaxReturns Fixed Deposit from SBI! They have agent misconduct.,Play Store,1,true,Larueside,0.10516919626729888,agent misconduct
rev_0195,SecureLife Insurance Policy,Kotak,2025-03-07,Terrible experience with SecureLife Insurance Policy. long processing time.,Trustpilot,1,true,Port Trycia,0.20261673665948135,long processing time
rev_0196,SecureLife Insurance Policy,HDFC,2025-02-26,Terrible experience with SecureLife Insurance Policy. bad service.,Reddit,1,true,Vedafort,0.032950368575811274,bad service
rev_0197,EasyInvest Savings Account,Kotak,2025-05-09,Kotak misled me about EasyInvest Savings Account. Now facing hidden charges.,Play Store,1,true,Macon-Bibb County,0.2295300537963726,hidden charges
rev_0198,Alpha Growth Mutual Fund,HDFC,2025-11-08,HDFC misled me about Alpha Growth Mutual Fund. Now facing hidden charges.,Trustpilot,1,false,West Prestonstad,0.14445840594870923,hidden charges
rev_0199,EasyInvest Savings Account,Axis,2025-07-17,Avoid EasyInvest Savings Account from Axis! They have hidden charges.,Play Store,1,false,Kassulketon,0.06328345555306332,hidden charges