product,avg_sentiment,positive_count,negative_count,neutral_count,total_reviews,dissatisfaction_index,top_complaints,sentiment_trend,risk_score
WealthBuilder Pension Plan,0.4375,9,14,17,40,35.0,"[('Poor Returns', 4), ('Misleading', 2), ('Hidden Charges', 2)]","         date  sentiment_value
0  2025-01-31         0.500000
1  2025-02-28         0.750000
2  2025-03-31         1.000000
3  2025-04-30         0.250000
4  2025-05-31         0.250000
5  2025-06-30         0.500000
6  2025-07-31         0.500000
7  2025-08-31         0.333333
8  2025-09-30         0.357143
9  2025-10-31         0.833333
10 2025-11-30         0.200000
11 2025-12-31         0.500000",0.35
MaxReturns Fixed Deposit,0.4,7,15,18,40,37.5,"[('Poor Returns', 2), ('Misleading', 2), ('Service Issues', 1)]","         date  sentiment_value
0  2025-01-31         0.000000
1  2025-02-28         0.500000
2  2025-03-31         0.250000
3  2025-04-30         0.250000
4  2025-05-31         1.000000
5  2025-06-30         0.500000
6  2025-07-31         0.166667
7  2025-08-31         0.500000
8  2025-09-30         0.333333
9  2025-10-31         0.375000
10 2025-11-30         0.500000
11 2025-12-31         0.500000",0.375
EasyInvest Savings Account,0.5128205128205128,15,14,10,39,35.8974358974359,"[('Poor Returns', 4), ('Service Issues', 3), ('Misleading', 1)]","         date  sentiment_value
0  2025-01-31         0.625000
1  2025-02-28         0.625000
2  2025-03-31         0.400000
3  2025-04-30         0.666667
4  2025-05-31         0.000000
5  2025-06-30         1.000000
6  2025-07-31         0.000000
7  2025-08-31         0.500000
8  2025-09-30         0.500000
9  2025-10-31         0.000000
10 2025-11-30         0.500000
11 2025-12-31         0.666667
12 2026-01-31         0.500000",0.358974358974359
SecureLife Insurance Policy,0.47,12,15,23,50,30.0,"[('Poor Returns', 3), ('Misleading', 3), ('Service Issues', 2)]","         date  sentiment_value
0  2025-01-31         0.500000
1  2025-02-28         0.500000
2  2025-03-31         0.666667
3  2025-04-30         0.250000
4  2025-05-31         0.375000
5  2025-06-30         0.666667
6  2025-07-31         0.500000
7  2025-08-31         0.428571
8  2025-09-30         0.500000
9  2025-10-31         0.750000
10 2025-11-30         0.375000
11 2025-12-31         0.300000
12 2026-01-31         0.000000",0.3
Alpha Growth Mutual Fund,0.46774193548387094,9,11,11,31,35.483870967741936,"[('Service Issues', 4), ('Misleading', 3)]","         date  sentiment_value
0  2025-01-31         0.750000
1  2025-02-28         0.750000
2  2025-03-31         0.000000
3  2025-04-30         0.250000
4  2025-05-31         0.333333
5  2025-06-30         0.333333
6  2025-07-31         0.750000
7  2025-08-31         0.400000
8  2025-09-30         0.333333
9  2025-10-31         0.500000
10 2025-11-30         0.750000
11 2025-12-31         0.500000",0.3548387096774194
